[
  {
    "id": "2d225858-17ca-4d2b-b375-3a297a4d90be",
    "email": "ns_hadji@esi.dz",
    "password": "$2a$10$0VaIAenvmGpyFg49kXKY9umQIWOIVhXzJmJAK6vilBpa9virfbOxe",
    "userType": "individual",
    "firstName": "Sidai",
    "lastName": "HADJI",
    "phone": "0552781902",
    "confirmationToken": "3d80aebc-6496-4aa0-b2c4-a6a21dfb635e",
    "createdAt": "2025-06-23T14:02:12.894Z",
    "expiresAt": "2025-06-24T14:02:12.894Z",
    "experience": "sd",
    "skills": "sd"
  },
  {
    "id": "d429267e-ffa4-49c4-863f-1314f774b6cc",
    "email": "sidalihadji00@gmail.com",
    "password": "$2a$10$.K21KZi9TXLigts2ydnefOubgFBcNAdsw3qGa4m8DvqXguuzMf0TW",
    "userType": "individual",
    "firstName": "Sidali",
    "lastName": "HADJI",
    "phone": "0552781902",
    "confirmationToken": "52734381-c76b-461a-8528-8d60e5d6a976",
    "createdAt": "2025-06-23T14:03:01.761Z",
    "expiresAt": "2025-06-24T14:03:01.761Z",
    "experience": "ewewe",
    "skills": "wewee"
  }
]